model,score
llama2,8.832807570977918
chatglm-6b,8.68769716088328
moss-moon-003-sft,8.574132492113565
chatglm2-6b,8.416403785488958
